{
  "n_patches": 100,
  "mean_ndvi_overall": 0.04384404799770048,
  "std_ndvi_overall": 0.0974222615480407,
  "mean_evi_overall": 0.45570252751014656,
  "std_evi_overall": 0.16689061392092044,
  "min_ndvi": -0.14424072725213088,
  "max_ndvi": 0.23442986387418102,
  "min_evi": 0.11834225045262238,
  "max_evi": 2.0,
  "loaded_date": "2025-11-12 14:35:41"
}