{
  "rf_regression": {
    "train_rmse": 0.05226759564428768,
    "test_rmse": 0.08372565280936016,
    "train_r2": 0.8615382981115559,
    "test_r2": 0.6799983756241809,
    "test_mae": 0.062285627258519764
  },
  "xgb_regression": {
    "train_rmse": 0.0055610119937040845,
    "test_rmse": 0.0887992585538466,
    "train_r2": 0.9984326272800309,
    "test_r2": 0.6400403862201514,
    "test_mae": 0.06586872212208476
  },
  "rf_classification": {
    "accuracy": 0.9506578947368421,
    "precision": 0.5,
    "recall": 0.26666666666666666,
    "f1_score": 0.34782608695652173,
    "roc_auc": 0.8858708189158017
  },
  "lstm_classification": {
    "accuracy": 0.8355263157894737,
    "precision": 0.17592592592592593,
    "recall": 0.6333333333333333,
    "f1_score": 0.2753623188405797,
    "roc_auc": 0.8653114186851211
  }
}